image_id,filename,label,source,session_id,target_purpose,original_path,width,height,file_size,hash,split_path
JUW_IMG_DD321643,JUW_IMG_DD321643_empty.jpg,EMPTY,UNIT_TEST,test_session_99,training,test_lab_seat.jpg,128,128,885,8a06e8d1a1a34978211ecd3044f6e3565d0b8a616cbe3b2e53eb9702c93fb1f0,raw\juw_real\empty\JUW_IMG_DD321643_empty.jpg
JUW_IMG_8E81625E,JUW_IMG_8E81625E_empty.jpg,EMPTY,UNIT_TEST,test_session_99,training,test_lab_seat.jpg,128,128,885,8a06e8d1a1a34978211ecd3044f6e3565d0b8a616cbe3b2e53eb9702c93fb1f0,raw\juw_real\empty\JUW_IMG_8E81625E_empty.jpg
JUW_IMG_65E21C78,JUW_IMG_65E21C78_empty.jpg,EMPTY,UNIT_TEST,test_session_99,training,test_lab_seat.jpg,128,128,885,8a06e8d1a1a34978211ecd3044f6e3565d0b8a616cbe3b2e53eb9702c93fb1f0,raw\juw_real\empty\JUW_IMG_65E21C78_empty.jpg
JUW_IMG_0E971D2D,JUW_IMG_0E971D2D_empty.jpg,EMPTY,UNIT_TEST,test_session_99,training,test_lab_seat.jpg,128,128,885,8a06e8d1a1a34978211ecd3044f6e3565d0b8a616cbe3b2e53eb9702c93fb1f0,raw\juw_real\empty\JUW_IMG_0E971D2D_empty.jpg
JUW_IMG_600B85B6,JUW_IMG_600B85B6_empty.jpg,EMPTY,UNIT_TEST,test_session_99,training,test_lab_seat.jpg,128,128,885,8a06e8d1a1a34978211ecd3044f6e3565d0b8a616cbe3b2e53eb9702c93fb1f0,raw\juw_real\empty\JUW_IMG_600B85B6_empty.jpg
JUW_IMG_A8AE9C71,JUW_IMG_A8AE9C71_empty.jpg,EMPTY,UNIT_TEST,test_session_99,training,test_lab_seat.jpg,128,128,885,8a06e8d1a1a34978211ecd3044f6e3565d0b8a616cbe3b2e53eb9702c93fb1f0,raw\juw_real\empty\JUW_IMG_A8AE9C71_empty.jpg
JUW_IMG_896C0E0A,JUW_IMG_896C0E0A_empty.jpg,EMPTY,UNIT_TEST,test_session_99,training,test_lab_seat.jpg,128,128,885,8a06e8d1a1a34978211ecd3044f6e3565d0b8a616cbe3b2e53eb9702c93fb1f0,raw\juw_real\empty\JUW_IMG_896C0E0A_empty.jpg
JUW_IMG_AF6C17F3,JUW_IMG_AF6C17F3_empty.jpg,EMPTY,UNIT_TEST,test_session_99,training,test_lab_seat.jpg,128,128,885,8a06e8d1a1a34978211ecd3044f6e3565d0b8a616cbe3b2e53eb9702c93fb1f0,raw\juw_real\empty\JUW_IMG_AF6C17F3_empty.jpg
JUW_IMG_38F0DF89,JUW_IMG_38F0DF89_empty.jpg,EMPTY,UNIT_TEST,test_session_99,training,test_lab_seat.jpg,128,128,885,8a06e8d1a1a34978211ecd3044f6e3565d0b8a616cbe3b2e53eb9702c93fb1f0,raw\juw_real\empty\JUW_IMG_38F0DF89_empty.jpg
JUW_IMG_79B551C7,JUW_IMG_79B551C7_empty.jpg,EMPTY,UNIT_TEST,test_session_99,training,test_lab_seat.jpg,128,128,885,8a06e8d1a1a34978211ecd3044f6e3565d0b8a616cbe3b2e53eb9702c93fb1f0,raw\juw_real\empty\JUW_IMG_79B551C7_empty.jpg
